{
  "butter_lpf": {
    "order": 4,
    "freq_cutoff": 0.75,
    "gain": 0.346821807846938,
    "sos": [
      "1 2.000000000000000 1.000000000000000 1 0.855397932775170 0.209715357756555",
      "1 2.000000000000000 1.000000000000000 1 1.113029854163347 0.574061915083954"
    ]
  },
  "butter_hpf": {
    "order": 4,
    "freq_cutoff": 0.75,
    "gain": 0.010209480791203,
    "sos": [
      "1 -2.000000000000000 1.000000000000000 1 0.855397932775170 0.209715357756555",
      "1 -2.000000000000000 1.000000000000000 1 1.113029854163348 0.574061915083955"
    ]
  },
  "butter_bpf": {
    "order": 4,
    "freq_lowcut": 0.7,
    "freq_highcut": 0.8,
    "gain": 0.000416599204407,
    "sos": [
      "1 2.000000000000000 1.000000000000000 1 1.160015812784063 0.731608142994685",
      "1 -2.000000000000000 1.000000000000000 1 1.331155879725181 0.759725747457305",
      "1 2.000000000000000 1.000000000000000 1 1.120221713676958 0.872527877166174",
      "1 -2.000000000000000 1.000000000000000 1 1.529376209560580 0.903695756261925"
    ]
  },
  "butter_bsf": {
    "order": 4,
    "freq_lowcut": 0.7,
    "freq_highcut": 0.8,
    "gain": 0.662015837202618,
    "sos": [
      "1 1.431841912319175 1.000000000000000 1 1.331155879725181 0.759725747457306",
      "1 1.431841912319175 1.000000000000000 1 1.160015812784063 0.731608142994685",
      "1 1.431841912319175 1.000000000000000 1 1.529376209560580 0.903695756261925",
      "1 1.431841912319175 1.000000000000000 1 1.120221713676958 0.872527877166174"
    ]
  },
  "cheby1_lpf": {
    "order": 7,
    "freq_cutoff": 0.5,
    "passband_ripple_dB": 0.1,
    "gain": 0.007366281427181,
    "sos": [
      "1 1.000000000000000 0.000000000000000 1 -0.452667152793158 0.000000000000000",
      "1 2.000000000000000 1.000000000000000 1 -0.666734041908026 0.324160656243298",
      "1 2.000000000000000 1.000000000000000 1 -0.222016830128966 0.577307767548826",
      "1 2.000000000000000 1.000000000000000 1 0.081805991496049 0.851617310611766"
    ]
  },
  "cheby1_hpf": {
    "order": 7,
    "freq_cutoff": 0.5,
    "passband_ripple_dB": 0.1,
    "gain": 0.007366281427181,
    "sos": [
      "1 -1.000000000000000 0.000000000000000 1 0.452667152793158 0.000000000000000",
      "1 -2.000000000000000 1.000000000000000 1 0.666734041908026 0.324160656243298",
      "1 -2.000000000000000 1.000000000000000 1 0.222016830128965 0.577307767548825",
      "1 -2.000000000000000 1.000000000000000 1 -0.081805991496050 0.851617310611766"
    ]
  },
  "cheby1_bpf": {
    "order": 7,
    "freq_lowcut": 0.4,
    "freq_highcut": 0.6,
    "passband_ripple_dB": 0.1,
    "gain": 0.000019270345504,
    "sos": [
      "1 -0.000000000000000 -1.000000000000000 1 -0.000000000000000 0.781860132345795",
      "1 2.000000000000000 1.000000000000000 1 -0.270521448071501 0.805343665914988",
      "1 -2.000000000000000 1.000000000000000 1 0.270521448071501 0.805343665914988",
      "1 2.000000000000000 1.000000000000000 1 -0.490443787806119 0.867302552033236",
      "1 -2.000000000000000 1.000000000000000 1 0.490443787806118 0.867302552033236",
      "1 2.000000000000000 1.000000000000000 1 -0.626166986642626 0.952287625339823",
      "1 -2.000000000000000 1.000000000000000 1 0.626166986642626 0.952287625339823"
    ]
  },
  "cheby1_bsf": {
    "order": 7,
    "freq_lowcut": 0.4,
    "freq_highcut": 0.6,
    "passband_ripple_dB": 0.1,
    "gain": 0.175457929095715,
    "sos": [
      "1 -0.000000000000000 1.000000000000000 1 -0.000000000000000 0.073903891977548",
      "1 -0.000000000000000 1.000000000000000 1 0.678723036341784 0.572575330518295",
      "1 -0.000000000000000 1.000000000000000 1 -0.678723036341784 0.572575330518295",
      "1 -0.000000000000000 1.000000000000000 1 0.624871922795695 0.835547978968366",
      "1 -0.000000000000000 1.000000000000000 1 -0.624871922795695 0.835547978968366",
      "1 -0.000000000000000 1.000000000000000 1 0.578946335872729 0.955510897964054",
      "1 -0.000000000000000 1.000000000000000 1 -0.578946335872730 0.955510897964054"
    ]
  },
  "cheby2_lpf": {
    "order": 13,
    "freq_cutoff": 0.2,
    "stopband_ripple_dB": 30.0,
    "gain": 0.035711729363171,
    "sos": [
      "1 1.000000000000000 0.000000000000000 1 0.000770053932098 0.000000000000000",
      "1 0.593212960581607 1.000000000000000 1 -0.240900177470257 0.134094701149772",
      "1 -0.686662113998150 1.000000000000000 1 -0.703037160409105 0.391412192825927",
      "1 -1.225586328178187 1.000000000000000 1 -1.087164531070055 0.609573233795019",
      "1 -1.460589366389738 1.000000000000000 1 -1.343365532456062 0.762353811947828",
      "1 -1.569015013764480 1.000000000000000 1 -1.506992249278614 0.871088412072723",
      "1 -1.612947465674901 1.000000000000000 1 -1.612741962640290 0.958399684099005"
    ]
  },
  "cheby2_hpf": {
    "order": 13,
    "freq_cutoff": 0.2,
    "stopband_ripple_dB": 30.0,
    "gain": 0.429797018434644,
    "sos": [
      "1 -1.000000000000000 0.000000000000000 1 -0.809282875824583 0.000000000000000",
      "1 -1.975959896975368 1.000000000000000 1 -1.608774284082141 0.664943770980845",
      "1 -1.910831825933885 1.000000000000000 1 -1.582993515824081 0.694126043736022",
      "1 -1.822543368431371 1.000000000000000 1 -1.550952978070814 0.740316309382801",
      "1 -1.733068011479344 1.000000000000000 1 -1.525952026190731 0.800794741440011",
      "1 -1.662005680520551 1.000000000000000 1 -1.522010173717016 0.873094314898645",
      "1 -1.623060640333474 1.000000000000000 1 -1.551603171084316 0.955440164873660"
    ]
  },
  "cheby2_bpf": {
    "order": 13,
    "freq_lowcut": 0.05,
    "freq_highcut": 0.35,
    "stopband_ripple_dB": 30.0,
    "gain": 0.053775422775548,
    "sos": [
      "1 -0.000000000000000 -1.000000000000000 1 -0.706441921120171 -0.221963982147804",
      "1 -1.998168209589307 1.000000000000000 1 -1.889173809605280 0.894237966777605",
      "1 1.341761553381227 1.000000000000000 1 0.310482310192680 0.152200852100864",
      "1 -1.993438662363593 1.000000000000000 1 -1.901657239553867 0.911094967480960",
      "1 0.344143650777930 1.000000000000000 1 -0.042357759401261 0.361980365045026",
      "1 -1.987500857589287 1.000000000000000 1 -1.916986191808894 0.931896316401692",
      "1 -0.296158101042670 1.000000000000000 1 -0.391545181528551 0.568273514229972",
      "1 -1.981948928790373 1.000000000000000 1 -1.932650868716408 0.952720872531203",
      "1 -0.643584310754553 1.000000000000000 1 -0.655386631503536 0.729093641713813",
      "1 -1.977821279269601 1.000000000000000 1 -1.948303118503719 0.972301581724267",
      "1 -0.822521538834852 1.000000000000000 1 -0.831485303253278 0.850698705698615",
      "1 -1.975652179618310 1.000000000000000 1 -1.964658749319491 0.990854923436718",
      "1 -0.898970378484885 1.000000000000000 1 -0.936951243980281 0.951370642144078"
    ]
  },
  "cheby2_bsf": {
    "order": 13,
    "freq_lowcut": 0.05,
    "freq_highcut": 0.35,
    "stopband_ripple_dB": 30.0,
    "gain": 0.282322959164759,